{
  "主题": "北京师范大学珠海校区",
  "内容": "北京师范大学珠海校区是北京师范大学的重要组成部分，致力于建设综合性、研究型、教师教育领先的中国特色世界一流大学。",
  "北京师范大学珠海校区": {
    "概述": {
      "目标": "建设‘综合性、研究型、教师教育领先的中国特色世界一流大学’的重要组成部分",
      "定位": "南方校区和增量改革示范区",
      "原则": "高标准、新机制、国际化",
      "优势": "毗邻港澳的独特优势和创新氛围",
      "使命": [
        "卓越教师尤其是国家急需学科师资培养的南方高地",
        "服务港澳人心回归和‘一带一路’倡议的人才培养基地",
        "教育高精尖研究中心",
        "新兴学科、交叉学科培育基地"
      ],
      "合作": "2017年8月，广东省、珠海市、北京师范大学共同签署《共建北京师范大学珠海校区协议》",
      "批准": "2019年4月，教育部正式批准北京师范大学建设珠海校区"
    },
    "人才培养": {
      "战略": "服务国家教育优先发展战略",
      "优势学科": "文理基础学科",
      "目标": "打造完备的卓越教师、拔尖创新人才和高水平复合型人才培养体系",
      "学院与书院": [
        "未来教育学院",
        "文理学院",
        "国家安全与应急管理学院",
        "未来设计学院",
        "湾区国际商学院",
        "一带一路学院",
        "乐育书院",
        "弘文书院",
        "会同书院",
        "知行书院",
        "凤凰书院"
      ],
      "协同育人模式": "学院+书院",
      "一流本科专业": {
        "国家级": 14,
        "师范类认证": 8,
        "省级": 1
      },
      "学生人数": {
        "本科生": 6300,
        "研究生": 4000
      }
    },
    "学科建设": {
      "对标": "世界一流",
      "重点建设板块": [
        "文理基础学科、计算机相关学科为中心的基础学科板块",
        "服务国家重大战略和粤港澳大湾区需求的工科板块",
        "注重文科与理工科交叉融合的应用文科板块",
        "突破学科壁垒的交叉学科、新兴学科板块"
      ],
      "重点学科": [
        "统计与数据科学",
        "生物学",
        "环境科学与工程",
        "国家安全学"
      ],
      "科研平台": [
        "自然科学高等研究院",
        "人文和社会科学高等研究院",
        "中国基础教育质量监测协同创新中心（南方中心）",
        "认知神经科学与学习国家重点实验室（认知神经工效研究中心）",
        "地表过程与资源生态国家重点实验室（珠海基地）",
        "地下水污染控制与修复教育部工程研究中心",
        "大数据云边智能协同教育部工程研究中心",
        "文旅部文化和旅游研究基地（非物质文化遗产研究与发展中心）",
        "粤港水安全保障联合实验室",
        "广东省人工智能与未来教育工程技术研究中心",
        "粤港澳术语政策研究基地",
        "粤港澳司法研究创新基地",
        "广东省基础教育质量监测中心"
      ]
    },
    "社会服务": {
      "目标": "为粤港澳大湾区经济建设和社会发展提供智力支撑",
      "项目": [
        "乡长学院",
        "北师大新时代乡村振兴领军人才—乡镇长培训工程",
        "北京师范大学广东省中小学教师发展中心",
        "广东省基础教育质量监测中心"
      ],
      "合作": "与珠海市合作开展基础教育教师育人能力提升工程",
      "优势学科": [
        "教育",
        "艺术",
        "文化",
        "生态文明建设",
        "社会治理"
      ]
    },
    "国际交流": {
      "目标": "建设具有全球影响力的教育、文化、健康、科技高端科教中心、研究中心和创新中心",
      "活动": [
        "联合培养",
        "交流交换",
        "访问联谊"
      ],
      "国际会议与论坛": [
        "中国教育创新成果公益博览会",
        "京师凤凰论坛",
        "京师‘一带一路’论坛",
        "国际青年学者论坛"
      ]
    },
    "校园环境与文化": {
      "校园设施": "现代化教学楼、实验室、图书馆、体育馆等",
      "文化氛围": "学术讲座、文艺活动、体育赛事等",
      "标志性建筑": [
        "校名石",
        "丽泽楼",
        "木铎楼",
        "励耘楼"
      ]
    }
  }
}