{
  "主题": "木铎楼",
  "内容": "木铎楼是北京师范大学珠海校区的重要教学楼，位于校园核心区域，毗邻丽泽楼和金声楼。",
  "北京师范大学珠海校区木铎楼": {
    "概述": {
      "位置": "校园核心区域，毗邻丽泽楼和金声楼",
      "命名来源": "《论语·八佾第三》中的‘天将以夫子为木铎’",
      "文化内涵": "象征教化民众、传播知识，与北师大校徽标志物‘木铎’相呼应"
    },
    "建筑设计与功能": {
      "建筑风格": "西式复古风格，环形设计，颜值高，内部布局复杂",
      "功能分区": [
        "教室",
        "实验室",
        "多功能会议室"
      ],
      "特色设施": [
        "先进教学设备",
        "多媒体系统",
        "自习室",
        "讨论区"
      ]
    },
    "文化与象征意义": {
      "文化内涵": "象征教师的教育使命和学校的文化传承",
      "校园打卡点": "独特的建筑风格和丰富的文化内涵，成为网红打卡点"
    },
    "周边环境与活动": {
      "地理位置": "毗邻丽泽楼、金声楼和图书馆，交通便利",
      "周边设施": [
        "丽泽湖",
        "风雨操场（龟壳）",
        "图书馆"
      ],
      "活动与赛事": [
        "全国计算机等级考试上机考试",
        "大学生心理健康教育上机考试"
      ]
    },
    "未来发展": {
      "智能化升级": [
        "教室预约系统",
        "智能设备管理",
        "环境控制系统"
      ],
      "文化与科技融合": "通过数字技术展示校史、举办虚拟展览"
    }
  }
}