{
  "主题": "励耘楼",
  "内容": "励耘楼是北京师范大学珠海校区的重要教学楼，位于校园核心区域，靠近图书馆和校名石。",
  "北京师范大学珠海校区励耘楼": {
    "概述": {
      "位置": "校园核心区域，靠近图书馆和校名石",
      "命名来源": "源自北师大老校长陈垣先生的书屋‘励耘书屋’",
      "文化内涵": "寓意‘励精图治、勤奋耕耘’，体现对学术和教育的重视"
    },
    "建筑设计与功能": {
      "建筑风格": "简约现代，分为A区和B区，各有四层",
      "功能分区": [
        "教室",
        "实验室",
        "学术报告厅",
        "贵宾休息室"
      ],
      "智慧教室": {
        "位置": "B301",
        "设施": [
          "自动录播",
          "直播",
          "LED显示屏",
          "触控一体机"
        ],
        "功能": "支持远程音视频交互和无线投屏"
      },
      "多功能空间": {
        "阶梯教室": "A112，配备高清LED显示大屏，适合大型讲座和典礼",
        "自习室": "楼内设有自习室和讨论区，方便学生学习和交流"
      }
    },
    "文化与象征意义": {
      "文化传承": "体现北师大的历史传承和对学术教育的执着追求",
      "校园打卡点": "独特的建筑风格和丰富的功能，成为校园热门打卡点"
    },
    "周边环境与活动": {
      "地理位置": "毗邻图书馆和校名石，交通便利",
      "周边设施": [
        "丽泽湖",
        "风雨操场",
        "图书馆"
      ],
      "活动与赛事": [
        "全国计算机等级考试上机考试",
        "大学生心理健康教育上机考试",
        "学术讲座",
        "文艺活动（如‘京师南国文学论坛’）"
      ]
    },
    "未来发展": {
      "智能化升级": [
        "教室预约系统",
        "智能设备管理",
        "环境控制系统"
      ],
      "文化与科技融合": "通过数字技术展示校史、举办虚拟展览"
    }
  }
}