{
  "主题": "丽泽楼",
  "内容": "丽泽楼是北京师范大学珠海校区的重要教学楼，位于校园核心区域，毗邻海华苑和燕华苑宿舍区。",
  "北京师范大学珠海校区丽泽楼": {
    "概述": {
      "位置": "校园核心区域，毗邻海华苑和燕华苑宿舍区",
      "命名来源": "《易经》中的‘丽泽兑，君子以朋友讲习’",
      "文化内涵": "寓意与朋友交流学习、分享心得"
    },
    "建筑设计与设施": {
      "建筑面积": "41,877.70平方米",
      "教室": {
        "数量": 74,
        "座位数": 5531
      },
      "实验室": {
        "数量": 23
      },
      "多功能空间": {
        "数量": 175,
        "类型": [
          "办公室",
          "活动室",
          "会议室"
        ]
      },
      "现代化设施": [
        "多媒体教学设备",
        "无线网络全覆盖",
        "线上线下混合式教学支持"
      ]
    },
    "功能与用途": {
      "教学活动": "主要教学场所，支持本科生和研究生课程",
      "社团活动": "学生社团例会和培训的热门选择",
      "学术交流": "多功能会议室支持学术讲座和研讨会",
      "考试与培训": "曾作为2024年全国硕士研究生招生考试考场"
    },
    "文化与环境": {
      "周边环境": "靠近丽泽湖，湖边设有长椅和绿化带",
      "文化氛围": "走廊和公共区域展示学术成果和校园文化",
      "学生生活": "学生自习、休息和交流的重要场所"
    },
    "未来发展": {
      "教学与科研融合": "支持文理基础学科、新兴交叉学科的研究与教学",
      "多功能空间优化": "满足学术研讨、创新创业和国际交流需求",
      "智能化升级": [
        "教室预约系统",
        "智能设备管理系统",
        "环境控制系统"
      ]
    },
    "问题与回答": [
      {
        "问题": "丽泽楼的位置在哪里？",
        "回答": "丽泽楼位于校园核心区域，毗邻海华苑和燕华苑宿舍区。"
      },
      {
        "问题": "丽泽楼的命名来源是什么？",
        "回答": "丽泽楼的命名来源于《易经》中的‘丽泽兑，君子以朋友讲习’。"
      },
      {
        "问题": "丽泽楼的文化内涵是什么？",
        "回答": "丽泽楼的文化内涵是寓意与朋友交流学习、分享心得。"
      },
      {
        "问题": "丽泽楼的建筑面积是多少？",
        "回答": "丽泽楼的建筑面积为41,877.70平方米。"
      },
      {
        "问题": "丽泽楼有多少间教室？",
        "回答": "丽泽楼共有74间教室。"
      },
      {
        "问题": "丽泽楼的教室座位数是多少？",
        "回答": "丽泽楼的教室座位数为5531个。"
      },
      {
        "问题": "丽泽楼有多少间实验室？",
        "回答": "丽泽楼共有23间实验室。"
      },
      {
        "问题": "丽泽楼的多功能空间有哪些类型？",
        "回答": "丽泽楼的多功能空间类型包括办公室、活动室和会议室。"
      },
      {
        "问题": "丽泽楼有哪些现代化设施？",
        "回答": "丽泽楼的现代化设施包括多媒体教学设备、无线网络全覆盖和线上线下混合式教学支持。"
      },
      {
        "问题": "丽泽楼的主要功能是什么？",
        "回答": "丽泽楼的主要功能是作为主要教学场所，支持本科生和研究生课程。"
      },
      {
        "问题": "丽泽楼是否支持社团活动？",
        "回答": "是的，丽泽楼是学生社团例会和培训的热门选择。"
      },
      {
        "问题": "丽泽楼是否支持学术交流？",
        "回答": "是的，丽泽楼的多功能会议室支持学术讲座和研讨会。"
      },
      {
        "问题": "丽泽楼是否曾作为考试场地？",
        "回答": "是的，丽泽楼曾作为2024年全国硕士研究生招生考试考场。"
      },
      {
        "问题": "丽泽楼的周边环境如何？",
        "回答": "丽泽楼靠近丽泽湖，湖边设有长椅和绿化带。"
      },
      {
        "问题": "丽泽楼的文化氛围如何？",
        "回答": "丽泽楼的走廊和公共区域展示学术成果和校园文化。"
      },
      {
        "问题": "丽泽楼对学生生活的影响是什么？",
        "回答": "丽泽楼是学生自习、休息和交流的重要场所。"
      },
      {
        "问题": "丽泽楼未来发展的方向是什么？",
        "回答": "丽泽楼未来发展的方向包括教学与科研融合、多功能空间优化和智能化升级。"
      },
      {
        "问题": "丽泽楼的智能化升级包括哪些内容？",
        "回答": "丽泽楼的智能化升级包括教室预约系统、智能设备管理系统和环境控制系统。"
      }
    ]
  }
}