{
  "主题": "图书馆",
  "内容": "北京师范大学珠海校区图书馆是学校的重要学术资源中心，提供丰富的文献资源和学术服务。",
  "北京师范大学珠海校区图书馆": {
    "概述": {
      "创建时间": "2002年",
      "位置": "珠海校区核心区域，面朝百年纪念广场，背倚青山，侧拥碧水",
      "馆舍布局": [
        "总馆",
        "文华苑分馆"
      ],
      "总建筑面积": "3.51万平方米",
      "馆藏资源": {
        "纸质图书": "190余万册",
        "纸质报刊": "2000余种",
        "数据库": "300余种",
        "电子资源": {
          "电子图书": "800余万种",
          "学位论文": "880余万篇"
        }
      }
    },
    "馆舍布局与功能": {
      "总馆": {
        "阅览室": "8个印刷型文献阅览室",
        "多媒体阅览室": "1个",
        "研讨室": [
          "5个普通研讨室",
          "1个视听研讨室"
        ],
        "开放研讨空间": "多个",
        "阅览座位": "3500个",
        "开馆时间": "周开馆98小时",
        "设备": [
          "计算机",
          "iPad",
          "视听设备"
        ]
      },
      "文华苑分馆": {
        "阅览室": "1个印刷型文献阅览室",
        "研讨室": "3个普通研讨室"
      }
    },
    "服务与资源": {
      "文献资源": {
        "学科覆盖": [
          "文",
          "理",
          "工",
          "管",
          "法",
          "教育"
        ],
        "特色馆藏": [
          "《大唐西域记珍本彙刊》",
          "《明清法制史料辑刊》",
          "《琉球王国汉文文献集成》",
          "《国家珍贵古籍题跋丛刊》"
        ]
      },
      "学科资源服务中心": [
        "教师教育资源与服务中心",
        "文史哲社学科资源与服务中心",
        "理工学科资源与服务中心",
        "经管学科资源与服务中心",
        "知识产权与合规研究中心"
      ],
      "服务内容": [
        "精准文献保障",
        "课题申报与论文撰写帮助",
        "科技查新",
        "收录与引用证明"
      ],
      "文化活动": [
        "山谷金声·学术讲座",
        "真人图书馆",
        "南国北师讲书人",
        "图书漂流"
      ]
    },
    "办馆理念与目标": {
      "办馆精神": "存古开新，修己惠人",
      "办馆理念": "秉承传统、强化特色、拓展服务，臻于至善",
      "目标": [
        "文献信息中心",
        "学习研究中心",
        "文化教育中心",
        "素质教育基地"
      ]
    },
    "未来发展": {
      "智能化升级": [
        "教室预约系统",
        "智能设备管理",
        "环境控制系统"
      ],
      "学科服务拓展": "加强学科资源服务中心建设，提供多元化、精准化、高质量的资源服务保障"
    },
    "问题与回答": [
      {
        "问题": "北京师范大学珠海校区图书馆的创建时间是什么时候？",
        "回答": "北京师范大学珠海校区图书馆创建于2002年。"
      },
      {
        "问题": "图书馆的位置在哪里？",
        "回答": "图书馆位于珠海校区核心区域，面朝百年纪念广场，背倚青山，侧拥碧水。"
      },
      {
        "问题": "图书馆的馆舍布局是怎样的？",
        "回答": "图书馆包括总馆和文华苑分馆两个馆舍，总建筑面积达3.51万平方米。"
      },
      {
        "问题": "图书馆的馆藏资源有哪些？",
        "回答": "图书馆馆藏中外文纸质图书190余万册，纸质报刊2000余种，现订中外文数据库300余种，涵盖中外期刊11万余种、中外文电子图书800余万种、学位论文880余万篇。"
      },
      {
        "问题": "总馆有哪些功能和设施？",
        "回答": "总馆设有8个印刷型文献阅览室、1个多媒体阅览室、5个普通研讨室、1个视听研讨室及多个开放研讨空间。提供开放式外借、阅览、视听、上网、学习研讨、培训等服务。"
      },
      {
        "问题": "文华苑分馆有哪些功能和设施？",
        "回答": "文华苑分馆设有1个印刷型文献阅览室和3个普通研讨室，提供便捷的文献借阅和学习研讨服务。"
      },
      {
        "问题": "图书馆有哪些特色馆藏？",
        "回答": "图书馆的特色馆藏包括《大唐西域记珍本彙刊》《明清法制史料辑刊》《琉球王国汉文文献集成》等大套特藏，以及《国家珍贵古籍题跋丛刊》等珍贵文献。"
      },
      {
        "问题": "图书馆有哪些学科资源服务中心？",
        "回答": "图书馆成立了教师教育资源与服务中心、文史哲社学科资源与服务中心、理工学科资源与服务中心、经管学科资源与服务中心、知识产权与合规研究中心五个学科资源服务中心。"
      },
      {
        "问题": "图书馆提供哪些服务内容？",
        "回答": "图书馆为师生提供精准的文献保障、课题申报与论文撰写帮助、科技查新、收录与引用证明等服务。"
      },
      {
        "问题": "图书馆有哪些文化活动？",
        "回答": "图书馆每年举办丰富多彩的文化活动，如‘山谷金声·学术讲座’、‘真人图书馆’、‘南国北师讲书人’、‘图书漂流’等活动。"
      },
      {
        "问题": "图书馆的办馆理念是什么？",
        "回答": "图书馆秉承‘存古开新，修己惠人’的办馆精神，坚持‘秉承传统、强化特色、拓展服务，臻于至善’的办馆理念。"
      },
      {
        "问题": "图书馆的目标是什么？",
        "回答": "图书馆的目标是建设成为资源丰富、功能完备、技术先进、服务一流的现代大学图书馆，成为学校的文献信息中心、学习研究中心、文化教育中心和素质教育基地。"
      },
      {
        "问题": "图书馆未来有哪些发展规划？",
        "回答": "图书馆将逐步引入智能化管理系统，如教室预约系统、智能设备管理和环境控制系统，进一步提升服务效率。同时，图书馆将继续加强学科资源服务中心的建设，为师生提供更加多元化、精准化、高质量的资源服务保障。"
      }
    ]
  }
}