{
  "主题": "校名石",
  "内容": "校名石是北京师范大学珠海校区的标志性建筑，象征着学校的百年历史和文化传承。",
  "北京师范大学珠海校区校名石": {
    "历史与文化背景": {
      "命名来源": "源于北师大的历史渊源，象征百年风雨历程和文化底蕴",
      "文化内涵": "毛泽东手书‘北京师范大学’，左右标示‘1902’和‘2002’，寓意百年辉煌",
      "象征意义": "北师大精神的象征，代表教育领域的卓越贡献和新时代的开拓创新"
    },
    "设计与布局": {
      "设计理念": "方正厚重，体现传统与现代的融合",
      "布局与环境": "位于校区核心区域，前方为世纪广场，后方为小山丘和草地",
      "校史碑": {
        "数量": 20,
        "功能": "每5年刻记分校大纪事，记录学校发展历程"
      }
    },
    "功能与意义": {
      "校园地标": "标志性建筑，师生和访客拍照留念的热门地点",
      "文化传承": "体现对学校百年历史的纪念和对未来发展的展望",
      "教育意义": "提醒师生铭记‘学为人师，行为世范’的使命，激励追求卓越"
    },
    "周边环境与活动": {
      "世纪广场": "宽阔的广场，穿过马路为‘粤华苑’生活区，举办大型活动",
      "校园文化活动": "校庆活动、学术讲座、社团活动等常在此举行"
    },
    "未来发展": {
      "校园规划中的角色": "继续作为核心地标，发挥文化传承和教育意义",
      "文化与科技融合": "可能与现代科技结合，增强文化传播功能"
    }
  }
}